agent,density,n_seeds,mean_speed_mps_mean,mean_speed_mps_std,return_total_mean,return_total_std,collision_rate,reached_end_rate,lane_changes_per_min_mean,lane_changes_per_min_std,jerk_rms_mean,jerk_rms_std,near_miss_rate_mean,near_miss_rate_std,episode_length_s_mean
dqn,low,5,34.978106902711794,1.1288928171835757,272.7861103449328,7.940452421528589,0.0,1.0,2.1030608582896813,0.06929603028039368,0.12378797408387252,0.01725836654094242,0.0,0.0,28.560000000000002
dqn,medium,5,32.524766259276824,1.936060589927016,162.11265404733487,96.4322889693803,0.2,0.8,113.67396687446606,119.76281667575658,1.168499429794454,0.7324850624674303,0.43206036756992167,0.39805963443813036,26.28000000000001
dqn,high,5,30.5677657526195,2.3725836975373142,94.66942686192233,66.38160330147808,0.4,0.6,47.858605664488024,37.37230553696038,1.9398478333859859,1.0162523144206415,0.4834828995145816,0.3548419004122336,22.660000000000004
