agent,density,n_seeds,mean_speed_mps_mean,mean_speed_mps_std,return_total_mean,return_total_std,collision_rate,reached_end_rate,lane_changes_per_min_mean,lane_changes_per_min_std,jerk_rms_mean,jerk_rms_std,near_miss_rate_mean,near_miss_rate_std,episode_length_s_mean
dqn,low,5,34.978106902711794,1.1288928171835757,272.7861103449328,7.940452421528589,0.0,1.0,2.1030608582896813,0.06929603028039368,0.12378797408387252,0.01725836654094242,0.0,0.0,28.560000000000002
dqn,medium,5,31.315377670641237,3.4293948430434216,201.01269206054036,65.959519656405,0.0,1.0,153.64501591140947,161.20203194819297,1.6864407914595254,1.703648641908828,0.31418875012691644,0.3176108630470778,32.32000000000001
dqn,high,5,26.29196664069366,3.831092320820571,39.528857256589276,88.49276020807193,0.8,0.2,190.62742186271598,170.9089042545506,1.1964848994075532,1.248911594099336,0.5345444248385425,0.35380739987056337,21.64
